event_id,camera_id,plate,normalized_plate,latitude,longitude,location_known,captured_at_utc,pts_seconds,frame,ocr_confidence_percent,detector_confidence_percent
6951bc7a0e4c4d47a4d6b49c439b1c53,cam03,MGCC7C8313,MGCC7C8313,0.0,0.0,false,2026-09-29T08:46:39.015254+00:00,9.28,230,76.0,40.01
53168b5ebcee4bd6bc82d9ab2018e0d3,cam03,GGC0703,GGC0703,0.0,0.0,false,2026-09-29T08:46:48.217626+00:00,16.08,400,35.59,47.12
782b9c5a9034427a97a7a9983abe056e,cam03,MGC0178S0B,MGC0178S0B,0.0,0.0,false,2026-09-29T08:46:48.657517+00:00,16.48,410,59.26,62.01
3c267d1d1b594c759104513bbeba9411,cam03,MGC0H6881B,MGC0H6881B,0.0,0.0,false,2026-09-29T08:46:59.114009+00:00,27.68,690,50.03,86.18
c21c59347f6f4cbe8eabf222e7bffbf9,cam03,NCC067831B,NCC067831B,0.0,0.0,false,2026-09-29T08:46:59.229813+00:00,28.08,700,74.97,50.88
fdc09e0540434f77ae53fac06d8946ab,cam03,NGC0188818,NGC0188818,0.0,0.0,false,2026-09-29T08:47:05.107238+00:00,35.28,880,62.89,59.18
a066b22c0a93470d95cfc0e46f422ac1,cam03,DM3744,DM3744,0.0,0.0,false,2026-09-29T08:47:42.607435+00:00,71.16,1770,58.22,54.59
2cf4838d31174588b596b3e0785a3408,cam03,MGC07C8606,MGC07C8606,0.0,0.0,false,2026-09-29T08:47:43.382982+00:00,71.96,1790,64.38,40.28
c891c1a6ba8948dab127a1353e9d9f26,cam03,CCCC77881B,CCCC77881B,0.0,0.0,false,2026-09-29T08:47:45.336904+00:00,73.56,1830,44.62,41.48
ea032fdfd3d246ccbcf0b2d701e507ab,cam03,NGCC77881B,NGCC77881B,0.0,0.0,false,2026-09-29T08:47:45.656887+00:00,73.96,1840,67.21,40.14
871bee5195ad4df4a41c28c2e3b5fb0f,cam03,NNCC178613,NNCC178613,0.0,0.0,false,2026-09-29T08:47:47.718928+00:00,75.96,1890,66.84,44.43
fbd164da96af4e518a7603e6dded88a3,cam03,MGC0118813,MGC0118813,0.0,0.0,false,2026-09-29T08:47:47.768152+00:00,76.36,1900,64.92,43.53
f1ab19841555454bb1724d62dfbbaceb,cam03,NNC0668818,NNC0668818,0.0,0.0,false,2026-09-29T08:47:48.599327+00:00,77.56,1930,48.68,44.14
bc54a8534ac9408b9340267f6d10d905,cam03,1MM7144,1MM7144,0.0,0.0,false,2026-09-29T08:47:56.245622+00:00,86.363,2150,48.19,53.52
fe6839f6f31940ae9c4e664f1be74570,cam03,40N000G,40N000G,0.0,0.0,false,2026-09-29T08:47:56.597766+00:00,86.763,2160,44.74,44.26
abb7e247af3c4cd2b773a2f640f6c3c0,cam03,GCCCTTB808,GCCCTTB808,0.0,0.0,false,2026-09-29T08:47:56.881404+00:00,87.16,2170,51.13,42.46
cf8c3cc75e67470399cfc8f65b74fcc4,cam03,CNC0778813,CNC0778813,0.0,0.0,false,2026-09-29T08:47:57.302271+00:00,87.56,2180,33.09,59.67
7422bdea96664c04991b3d00d09fba22,cam03,CGC0788818,CGC0788818,0.0,0.0,false,2026-09-29T08:48:07.451775+00:00,96.76,2410,50.11,46.97
7577666d20084f3897cceb191c32849e,cam03,MGC0178813,MGC0178813,0.0,0.0,false,2026-09-29T08:48:09.586388+00:00,97.16,2420,64.72,48.34
2384a2bfaa2c487b908a63b051d8718d,cam03,NGC0778818,NGC0778818,0.0,0.0,false,2026-09-29T08:48:19.290677+00:00,104.763,2610,59.57,47.02
84caf01add4548ff885cd9153e0438e9,cam03,MGC070381B,MGC070381B,0.0,0.0,false,2026-09-29T08:48:20.351739+00:00,106.363,2650,47.71,41.77
9ce738618da3407393f8fb28bf5c446b,cam03,MGCC778818,MGCC778818,0.0,0.0,false,2026-09-29T08:48:20.527601+00:00,106.763,2660,66.8,49.68
a1ad4a26c33b4276abd72c8c69d24445,cam03,MCCCTC8818,MCCCTC8818,0.0,0.0,false,2026-09-29T08:48:27.583831+00:00,113.403,2820,69.58,50.2
38879b16c5484fa9b4490ade08930b94,cam03,NGC077831B,NGC077831B,0.0,0.0,false,2026-09-29T08:48:28.183608+00:00,114.603,2850,57.55,43.6
7c3f91da01a5446799d094b0a9f265ec,cam03,MGCCTC8318,MGCCTC8318,0.0,0.0,false,2026-09-29T08:48:34.021022+00:00,124.223,3090,64.91,59.23
acd696b4ccc44f9b883f694223c5b902,cam03,MGCOHR8313,MGCOHR8313,0.0,0.0,false,2026-09-29T08:48:34.291432+00:00,124.626,3100,52.22,44.02
b486b975c1d64bee949b0c012e90b05d,cam03,MCC077881B,MCC077881B,0.0,0.0,false,2026-09-29T08:48:41.366215+00:00,129.026,3210,46.64,42.38
974fb410793a47bba66ba100fbf785dd,cam03,CNGC07C813,CNGC07C813,0.0,0.0,false,2026-09-29T08:48:44.404615+00:00,131.823,3280,45.99,47.85
0404b7b15b0c4399b587b3c4366395ce,cam03,WGCC7C8818,WGCC7C8818,0.0,0.0,false,2026-09-29T08:48:44.608012+00:00,132.226,3290,69.85,52.25
0e10e569f5474d79b665ba849e6f0055,cam03,MGC0TC8318,MGC0TC8318,0.0,0.0,false,2026-09-29T08:48:45.027020+00:00,132.626,3300,66.85,50.88
32ddfbb8a41c43359557c4cb963d4fd9,cam03,NGC076630B,NGC076630B,0.0,0.0,false,2026-09-29T08:48:45.142895+00:00,133.023,3310,40.95,57.91
eb72d90339d54abb863155c895af9cd2,cam03,NGCO1R8813,NGCO1R8813,0.0,0.0,false,2026-09-29T08:48:45.260675+00:00,133.426,3320,51.87,48.46
389d4b52314d472db25df2ad2f26e564,cam03,NGCCTC8318,NGCCTC8318,0.0,0.0,false,2026-09-29T08:49:03.042041+00:00,153.0,3810,58.19,50.0
f600117d188f4ae0bdb446e0efcd71a4,cam03,KGC0778813,KGC0778813,0.0,0.0,false,2026-09-29T08:49:03.950291+00:00,154.2,3840,71.93,44.12
7c1325f04934446290b7f21b680ee357,cam03,MGC0188S18,MGC0188S18,0.0,0.0,false,2026-09-29T08:49:04.534962+00:00,154.6,3850,65.33,41.7
c0b7e95c695c4b5cbc607ced87e720a6,cam05,F,F,0.0,0.0,false,2026-09-29T08:49:45.754551+00:00,196.157,5860,74.07,45.95
f27c5651849d4e0884e292dc98da6b90,cam03,NGC0128SSB,NGC0128SSB,0.0,0.0,false,2026-09-29T08:50:02.607317+00:00,211.92,5010,67.31,74.46
b394101cec044ad7b626cf159b128833,cam03,NGCOFC331B,NGCOFC331B,0.0,0.0,false,2026-09-29T08:50:02.664835+00:00,212.36,5020,63.29,74.07
72fdc7a5e0b442328c90f93eaf0fc68c,cam03,NGC0138S1B,NGC0138S1B,0.0,0.0,false,2026-09-29T08:50:03.085378+00:00,212.84,5030,60.35,65.67
2bc6335f70334b829afa9005149ec5f5,cam03,NNC3008813,NNC3008813,0.0,0.0,false,2026-09-29T08:50:57.905913+00:00,260.0,6020,44.74,47.92
89b21cf94503429bab6038770b04dd8a,cam03,NGC078831B,NGC078831B,0.0,0.0,false,2026-09-29T08:51:13.816477+00:00,274.0,6370,66.37,73.63
f9a897c04e644204ad8f76a01ba16719,cam03,NCCCFC831B,NCCCFC831B,0.0,0.0,false,2026-09-29T08:51:15.908802+00:00,276.4,6430,67.73,69.09
7cdcd7eba13449938585a794038b3218,cam03,NCCC7C8318,NCCC7C8318,0.0,0.0,false,2026-09-29T08:51:16.340805+00:00,276.8,6440,59.61,53.47
809f418142e142faa6c21cc1b05c1820,cam03,90373HG,90373HG,0.0,0.0,false,2026-09-29T08:51:23.631539+00:00,288.0,6720,75.82,53.27
e6bfe41455234d7180d255387f63e12b,cam03,36000,36000,0.0,0.0,false,2026-09-29T08:51:24.967956+00:00,289.6,6760,51.17,42.29
4b66f09f8ab44492b9db3cc070e32714,cam03,MGC011,MGC011,0.0,0.0,false,2026-09-29T08:51:32.029448+00:00,294.28,6860,48.76,42.72
9ffa11defba2459887e944db51e9933e,cam03,MGCCTC8318,MGCCTC8318,0.0,0.0,false,2026-09-29T08:51:33.053926+00:00,295.48,6890,47.99,44.36
5a561c1f943a497a973923606ac1ad9e,cam03,MGC07CB818,MGC07CB818,0.0,0.0,false,2026-09-29T08:51:47.782835+00:00,304.676,7120,65.02,42.31
f97301be8fc14fcf82a1f598b61b80a4,cam03,MGC0188813,MGC0188813,0.0,0.0,false,2026-09-29T08:51:48.008843+00:00,305.076,7130,66.82,68.02
0948d547210f4cd5903a4f27b5714e72,cam03,NGC0188813,NGC0188813,0.0,0.0,false,2026-09-29T08:51:49.121454+00:00,307.076,7180,55.26,61.43
feab2441ffd94bc29ece37cca2eee7f1,cam03,NCC0773806,NCC0773806,0.0,0.0,false,2026-09-29T08:51:52.785760+00:00,313.516,7270,53.15,52.1
80434f02fc0543fb8c7fb984a5f99b36,cam03,CGC0778308,CGC0778308,0.0,0.0,false,2026-09-29T08:51:54.913274+00:00,317.996,7310,41.04,40.09
b0421209d8bf47a8aeafe9ee3e43fc21,cam03,GGC077881B,GGC077881B,0.0,0.0,false,2026-09-29T08:51:55.402874+00:00,318.8,7330,44.38,45.73
fb21e9ac37b84432aa49f54d9adae2e1,cam03,NGC0778818,NGC0778818,0.0,0.0,false,2026-09-29T08:51:55.559327+00:00,319.196,7340,62.13,67.82
04549759cde64c59879706ea7ad1f67a,cam03,CCC06R8816,CCC06R8816,0.0,0.0,false,2026-09-29T08:51:58.915494+00:00,321.6,7400,26.79,48.44
08634a5c259247f5b98da951c0d78c60,cam03,GGCCTC860B,GGCCTC860B,0.0,0.0,false,2026-09-29T08:52:01.373073+00:00,323.6,7450,47.31,45.0
3b0066f6542942cc979391a89038b71c,cam03,MGCCTCC318,MGCCTCC318,0.0,0.0,false,2026-09-29T08:52:01.535921+00:00,324.0,7460,73.1,54.39
2f4b79d6e4544493920e83ece9a01624,cam03,MGC0T7B313,MGC0T7B313,0.0,0.0,false,2026-09-29T08:52:11.325778+00:00,332.4,7670,60.34,52.73
d7f23490ddf2463287ff44c9b7c38741,cam03,NGCC11C833,NGCC11C833,0.0,0.0,false,2026-09-29T08:52:11.822036+00:00,332.8,7680,57.83,56.01
86c9e50cc6ff4091a6faa5a75949aed8,cam03,_CC066,CC066,0.0,0.0,false,2026-09-29T08:52:11.992933+00:00,333.2,7690,41.31,51.86
55abc0961c914987b04d97870c24dfb4,cam03,MGC0163316,MGC0163316,0.0,0.0,false,2026-09-29T08:52:12.854218+00:00,334.8,7730,60.8,53.42
bb2c5367d10349fc98d6d69f823f0cd7,cam03,MGC0778313,MGC0778313,0.0,0.0,false,2026-09-29T08:52:13.587887+00:00,335.6,7750,65.79,42.5
1990feed43144426a2d498468b354172,cam02,R,R,0.0,0.0,false,2026-09-29T08:52:13.820090+00:00,340.547,6990,54.72,44.29
c8debae92f1d48bfb6307b7da43d65c3,cam03,MGC0778_1B,MGC07781B,0.0,0.0,false,2026-09-29T08:52:13.858887+00:00,336.0,7760,63.38,51.71
cf6275ba87fb44ff908c1ab5d6e843b2,cam03,MGC011___3,MGC0113,0.0,0.0,false,2026-09-29T08:53:24.680639+00:00,405.36,9210,62.08,64.99
c710c70bb40544f5be66cac58958fe97,cam03,MGCCTC8818,MGCCTC8818,0.0,0.0,false,2026-09-29T08:53:26.248368+00:00,407.92,9230,77.06,54.1
2e19f5216f704327984bb7e44502e4e9,cam03,MGC0118813,MGC0118813,0.0,0.0,false,2026-09-29T08:54:27.826905+00:00,466.673,10510,54.48,48.46
c7f8d3e9378d4570a6e50142642656cb,cam05,L_23,L23,0.0,0.0,false,2026-09-29T08:54:44.891194+00:00,488.677,13580,63.17,42.99
1d97906ee1354a6a8e74ee5ca40da342,cam03,MGCC788813,MGCC788813,0.0,0.0,false,2026-09-29T08:55:06.087695+00:00,501.716,11310,59.99,49.39
22468c82afe3476bb37c2406da11fe39,cam02,1,1,0.0,0.0,false,2026-09-29T08:55:10.768617+00:00,503.7,10160,63.45,43.12
b3db5cdbb1314dceb3d1a2bf845ef83b,cam05,P,P,0.0,0.0,false,2026-09-29T08:55:35.589955+00:00,543.623,14880,48.7,47.53
3e9481ddd5da4a9f821dd874827a3dd7,cam05,1,1,0.0,0.0,false,2026-09-29T08:56:01.098259+00:00,564.193,15450,49.3,61.96
b9fa4023c0a14ff0ad42848d90df7979,cam05,L,L,0.0,0.0,false,2026-09-29T08:56:02.202310+00:00,565.197,15480,75.43,56.59
