frame,timestamp_seconds,plate,ocr_confidence_percent,detector_confidence_percent,x1,y1,x2,y2
111,3.7,A611118,40.38,46.92,720,386,767,402
112,3.733,A611118,40.38,47.07,720,386,767,402
113,3.767,A611118,40.38,47.07,720,386,767,402
114,3.8,A611118,40.38,47.07,720,386,767,402
115,3.833,A611118,40.38,47.07,720,386,767,402
116,3.867,A611118,40.38,46.97,720,386,767,402
152,5.067,0022NN1229,57.88,66.36,716,410,767,429
153,5.1,0022NN1229,57.88,66.31,716,410,767,429
154,5.133,0022NN1229,57.88,66.31,716,410,767,429
155,5.167,0022NN1229,57.88,66.31,716,410,767,429
156,5.2,0022NN1229,57.88,66.5,716,410,767,429
157,5.233,0022NN1229,57.88,65.92,716,410,767,429
158,5.267,382NN1122,54.76,77.44,726,413,782,431
159,5.3,382NN1122,54.76,77.49,726,413,782,431
160,5.333,3A22MN182,57.21,78.22,726,413,783,431
161,5.367,3A22MN182,57.21,78.22,726,413,783,431
162,5.4,3A22MN182,57.21,78.22,726,413,783,431
163,5.433,3A22MN182,57.21,78.22,726,413,783,431
164,5.467,3A22MN182,57.21,78.22,726,413,783,431
165,5.5,3A22MN182,57.21,78.22,726,413,783,431
166,5.533,3A22MN182,57.21,78.27,726,413,783,431
167,5.567,3A22MN182,57.21,78.22,726,413,783,431
168,5.6,3A02MN1828,79.11,73.78,737,416,795,435
169,5.633,3A02MN1828,79.11,73.88,737,416,795,435
170,5.667,3A02MN1828,79.11,73.83,737,416,795,435
171,5.7,3A02MN1828,79.11,73.83,737,416,795,435
172,5.733,3A02MN1828,79.11,73.83,737,416,795,435
173,5.767,3A02MN1828,79.11,73.83,737,416,795,435
174,5.8,3A02MN1828,79.11,73.83,737,416,795,435
175,5.833,3A02MN1828,79.11,73.83,737,416,795,435
176,5.867,3A02MN1828,79.11,73.78,737,416,795,435
177,5.9,3A02MN1828,79.11,73.83,737,416,795,435
178,5.933,KA02MN1829,92.5,81.88,748,421,813,442
179,5.967,KA02MN1829,92.5,81.93,748,421,813,442
180,6.0,KA02MN1829,92.5,81.93,748,421,813,442
181,6.033,KA02MN1829,92.5,81.98,748,421,813,442
182,6.067,KA02MN1829,92.5,81.98,748,421,813,442
183,6.1,KA02MN1829,92.5,81.93,748,421,813,442
184,6.133,KA02MN1829,92.5,81.98,748,421,813,442
185,6.167,KA02MN1820,87.52,57.37,760,433,825,454
186,6.2,VA02MN1826,90.71,84.62,753,446,822,467
187,6.233,VA02MN1826,90.71,84.57,753,446,822,467
188,6.267,VA02MN1826,90.71,84.62,753,446,822,467
189,6.3,VA02MN1826,90.71,84.62,753,446,822,467
190,6.333,VA02MN1826,90.71,84.62,753,446,822,467
191,6.367,VA02MN1826,90.71,84.62,753,446,822,467
192,6.4,VA02MN1826,90.71,84.62,753,446,822,467
193,6.433,VA02MN1826,90.71,84.62,753,446,822,467
194,6.467,VA02MN1826,90.71,84.67,753,446,822,467
195,6.5,KA02MN1826,84.96,84.81,748,448,820,469
196,6.533,KA02MN1826,84.96,84.86,748,448,820,469
197,6.567,KA02MN1826,84.96,84.86,748,448,820,469
198,6.6,KA02MN1826,84.96,84.81,748,448,820,469
199,6.633,KA02MN1826,84.96,84.81,748,448,820,469
200,6.667,KA02MN1826,84.96,84.81,748,448,820,469
201,6.7,KA02MN1826,84.96,84.81,748,448,820,469
202,6.733,KA02MN1826,97.39,44.53,730,457,806,481
203,6.767,KA02MN1826,97.39,44.53,730,457,806,481
204,6.8,KA02MN1826,97.39,44.58,730,457,806,481
205,6.833,KA02MN1826,97.39,44.65,730,457,806,481
206,6.867,KA02MN1826,97.39,44.56,730,457,806,481
207,6.9,KA02MN1826,97.39,44.53,730,457,806,481
208,6.933,KA02MN1826,97.39,44.58,730,457,806,481
209,6.967,KA02MN182,99.62,79.93,708,462,787,484
210,7.0,KA02MN182,99.62,79.93,708,462,787,484
211,7.033,KA02MN182,99.62,79.93,708,462,787,484
212,7.067,KA02MN182,99.62,79.93,708,462,787,484
213,7.1,KA02MN182,99.62,79.93,708,462,787,484
214,7.133,KA02MN182,99.62,79.93,708,462,787,484
215,7.167,KA02MN182,99.62,79.93,708,462,787,484
216,7.2,KA02KN1826,92.34,83.45,684,474,769,499
217,7.233,KA02KN1828,94.73,83.5,684,474,770,499
218,7.267,KA02KN1828,94.73,83.5,684,474,770,499
219,7.3,KA02KN1826,92.33,83.5,684,474,769,499
220,7.333,KA02KN1826,92.33,83.5,684,474,769,499
221,7.367,KA02KN1826,92.33,83.5,684,474,769,499
222,7.4,KA02KN1826,92.33,83.5,684,474,769,499
223,7.433,KA02KN1826,92.33,83.5,684,474,769,499
224,7.467,KA02MN1826,90.95,64.94,647,481,736,508
225,7.5,KA02MN1826,91.32,64.55,647,481,736,508
226,7.533,KA02MN1826,91.32,64.7,647,481,736,508
227,7.567,KA02MN1826,91.32,64.6,647,481,736,508
228,7.6,KA02MN1826,91.32,64.75,647,481,736,508
229,7.633,KA02MN1826,91.32,64.65,647,481,736,508
230,7.667,KA02MN1826,91.32,64.65,647,481,736,508
231,7.7,KA02MN1826,91.32,64.65,647,481,736,508
232,7.733,1A02MN1826,87.97,85.01,584,494,678,524
233,7.767,1A02MN1826,87.97,85.01,584,494,678,524
234,7.8,1A02MN1826,87.97,85.01,584,494,678,524
235,7.833,1A02MN1826,87.97,85.01,584,494,678,524
236,7.867,1A02MN1826,87.97,85.01,584,494,678,524
237,7.9,1A02MN1826,87.97,85.01,584,494,678,524
238,7.933,1A02MN1826,87.97,85.01,584,494,678,524
239,7.967,1A02MN1826,87.97,85.01,584,494,678,524
240,8.0,1A02MN1826,87.97,85.06,584,494,678,524
241,8.033,KA02MN1826,94.84,84.18,502,511,602,542
242,8.067,KA02MN1826,94.84,84.23,502,511,602,542
243,8.1,KA02MN1826,94.84,84.23,502,511,602,542
244,8.133,KA02MN1826,94.84,84.23,502,511,602,542
245,8.167,KA02MN1826,94.84,84.23,502,511,602,542
246,8.2,KA02MN1826,94.84,84.23,502,511,602,542
247,8.233,KA02MN1826,94.84,84.23,502,511,602,542
248,8.267,KA02MN1826,94.84,84.23,502,511,602,542
249,8.3,KA02MN1826,93.78,84.86,380,537,494,572
250,8.333,KA02MN1826,93.82,84.86,380,537,494,572
251,8.367,KA02MN1826,93.82,84.86,380,537,494,572
252,8.4,KA02MN1826,93.82,84.86,380,537,494,572
253,8.433,KA02MN1826,93.82,84.86,380,537,494,572
254,8.467,KA02MN1826,98.52,83.98,281,557,405,595
255,8.5,KA02MN1826,98.52,83.98,281,557,405,595
256,8.533,KA02MN1826,98.52,83.98,281,557,405,595
257,8.567,KA02MN1826,98.52,83.98,281,557,405,595
258,8.6,KA02MN1826,98.52,83.98,281,557,405,595
259,8.633,KA02MN1826,98.52,83.98,281,557,405,595
260,8.667,KA02MN1826,93.9,85.25,213,571,344,613
261,8.7,KA02MN1826,92.98,84.23,96,601,234,647
262,8.733,KA02MN1826,92.98,84.23,96,601,234,647
263,8.767,AA02MN1826,88.86,83.94,55,611,193,660
264,8.8,AA02MN1826,88.86,83.84,55,611,193,660
265,8.833,1A02MN1826,91.88,83.54,6,623,148,675
266,8.867,1A02MN1826,91.88,83.54,6,623,148,675
267,8.9,MN1828,99.48,84.86,0,637,97,690
268,8.933,MN1828,99.92,84.91,0,637,97,691
355,11.833,4A02MH7256,90.62,78.76,1007,363,1083,386
356,11.867,4A02MH7256,90.62,78.76,1007,363,1083,386
357,11.9,4A02MH7256,90.61,78.76,1007,363,1083,386
358,11.933,AA02MH7256,88.78,78.61,1008,363,1082,386
359,11.967,AA02MH7256,88.78,78.66,1008,363,1082,386
360,12.0,AA02MH7256,88.78,78.66,1008,363,1082,386
361,12.033,AA02MH7256,88.73,78.66,1008,363,1082,386
362,12.067,AA02MH7256,88.73,78.66,1008,363,1082,386
363,12.1,AA02MH7256,85.44,78.86,1008,363,1083,386
364,12.133,AA02MH7256,85.51,78.81,1008,363,1083,386
365,12.167,AA02MH7256,88.16,78.66,1008,362,1083,386
366,12.2,AA02MH7256,88.16,78.61,1008,362,1083,386
367,12.233,AA02MH7256,88.1,78.61,1008,362,1083,386
368,12.267,AA02MH7256,88.1,78.81,1008,362,1083,386
369,12.3,AA02MH7256,88.16,78.71,1008,362,1083,386
370,12.333,AA02MH7256,88.16,78.61,1008,362,1083,386
371,12.367,AA02MH7256,88.16,78.66,1008,362,1083,386
372,12.4,AA02MH7256,88.1,78.66,1008,362,1083,386
373,12.433,AA02MH7256,88.16,78.56,1008,362,1083,386
374,12.467,AA02MH7256,88.16,78.47,1008,362,1083,386
375,12.5,AA02MH7256,88.16,78.56,1008,362,1083,386
376,12.533,AA02MH7256,88.16,78.56,1008,362,1083,386
377,12.567,AA02MH7256,88.16,78.56,1008,362,1083,386
378,12.6,AA02MH7256,88.16,78.56,1008,362,1083,386
379,12.633,AA02MH7256,88.1,78.61,1008,362,1083,386
380,12.667,AA02MH7256,88.1,78.56,1008,362,1083,386
381,12.7,AA02MH7256,88.1,78.61,1008,362,1083,386
382,12.733,AA02MH7256,88.16,78.61,1008,362,1083,386
383,12.767,AA02MH7256,88.16,78.61,1008,362,1083,386
384,12.8,AA02MH7256,88.16,78.61,1008,362,1083,386
385,12.833,AA02MH7256,88.16,78.56,1008,362,1083,386
386,12.867,AA02MH7256,88.16,78.42,1008,362,1083,386
387,12.9,AA02MH7256,88.16,78.37,1008,362,1083,386
388,12.933,AA02MH7256,88.16,78.37,1008,362,1083,386
389,12.967,AA02MH7256,88.16,78.47,1008,362,1083,386
390,13.0,AA02MH7256,88.16,78.37,1008,362,1083,386
391,13.033,AA02MH7256,88.16,78.37,1008,362,1083,386
392,13.067,AA02MH7256,88.16,78.37,1008,362,1083,386
393,13.1,AA02MH7256,88.17,78.42,1008,362,1083,386
394,13.133,AA02MH7256,88.16,78.12,1008,362,1083,386
395,13.167,AA02MH7256,88.16,78.12,1008,362,1083,386
396,13.2,AA02MH7256,88.15,78.27,1008,362,1083,386
397,13.233,AA02MH7256,88.08,78.47,1008,362,1083,386
398,13.267,AA02MH7256,88.1,78.42,1008,362,1083,386
399,13.3,AA02MH7256,88.08,78.22,1008,362,1083,386
400,13.333,AA02MH7256,88.08,78.17,1008,362,1083,386
401,13.367,AA02MH7256,88.08,78.22,1008,362,1083,386
402,13.4,AA02MH7256,88.09,77.98,1008,362,1083,386
403,13.433,AA02MH7256,88.09,77.98,1008,362,1083,386
404,13.467,AA02MH7256,88.14,77.73,1008,362,1083,386
405,13.5,2022MH726,55.56,77.83,1009,363,1083,386
406,13.533,2022MH726,55.56,77.83,1009,363,1083,386
407,13.567,2022MH726,55.56,77.83,1009,363,1083,386
408,13.6,2022MH726,55.56,77.83,1009,363,1083,386
409,13.633,2022MH726,55.57,77.83,1009,363,1083,386
410,13.667,2022MH726,55.56,78.12,1009,363,1083,386
411,13.7,2022MH726,55.56,78.27,1009,363,1083,386
412,13.733,2022MH726,55.56,78.27,1009,363,1083,386
413,13.767,2022MH726,55.56,78.27,1009,363,1083,386
414,13.8,2022MH726,55.56,78.27,1009,363,1083,386
415,13.833,2022MH726,55.56,78.37,1009,363,1083,386
416,13.867,2022MH726,55.56,78.32,1009,363,1083,386
417,13.9,2022MH726,55.53,78.37,1009,363,1083,386
418,13.933,2022MH726,55.56,78.37,1009,363,1083,386
419,13.967,2022MH726,55.56,78.37,1009,363,1083,386
420,14.0,2022MH726,55.56,78.37,1009,363,1083,386
421,14.033,2022MH726,55.56,78.37,1009,363,1083,386
422,14.067,2022MH726,55.56,78.37,1009,363,1083,386
423,14.1,2022MH726,55.56,78.37,1009,363,1083,386
424,14.133,2022MH726,55.56,78.37,1009,363,1083,386
425,14.167,2022MH726,55.56,78.37,1009,363,1083,386
426,14.2,2022MH726,55.56,78.71,1009,363,1083,386
427,14.233,2022MH726,55.53,78.61,1009,363,1083,386
428,14.267,2022MH726,55.56,78.71,1009,363,1083,386
429,14.3,2022MH726,55.56,78.66,1009,363,1083,386
430,14.333,2022MH726,55.56,78.56,1009,363,1083,386
431,14.367,2022MH726,55.56,78.56,1009,363,1083,386
432,14.4,2002MH726,55.97,78.47,1009,363,1083,386
433,14.433,2002MH726,55.97,78.56,1009,363,1083,386
434,14.467,2002MH726,55.97,78.56,1009,363,1083,386
435,14.5,2002MH726,56.24,78.37,1009,363,1083,386
436,14.533,2002MH726,55.97,78.42,1009,363,1083,386
437,14.567,2002MH726,56.73,78.52,1009,363,1083,386
438,14.6,2002MH726,56.73,78.52,1009,363,1083,386
439,14.633,2002MH726,56.73,78.52,1009,363,1083,386
440,14.667,2002MH726,56.73,78.47,1009,363,1083,386
441,14.7,2002MH726,56.73,78.47,1009,363,1083,386
442,14.733,2002MH726,56.73,78.47,1009,363,1083,386
443,14.767,2002MH726,56.73,78.47,1009,363,1083,386
444,14.8,2002MH726,56.73,78.47,1009,363,1083,386
445,14.833,2002MH726,56.73,78.47,1009,363,1083,386
446,14.867,2002MH726,56.73,78.47,1009,363,1083,386
447,14.9,AA02MH7256,79.03,78.47,1009,363,1083,387
448,14.933,AA02MH7256,78.99,78.42,1009,363,1083,387
449,14.967,AA02MH7256,78.99,78.42,1009,363,1083,387
450,15.0,AA02MH7256,79.03,78.37,1009,363,1083,387
451,15.033,AA02MH7256,79.03,78.37,1009,363,1083,387
452,15.067,AA02MH7256,79.03,78.37,1009,363,1083,387
453,15.1,AA02MH7256,79.03,78.37,1009,363,1083,387
454,15.133,AA02MH7256,79.03,78.37,1009,363,1083,387
455,15.167,AA02MH7256,79.03,78.42,1009,363,1083,387
456,15.2,AA02MH7256,79.03,78.08,1009,363,1083,387
457,15.233,AA02MH7256,79.03,78.08,1009,363,1083,387
458,15.267,AA02MH7256,79.03,78.08,1009,363,1083,387
459,15.3,AA02MH7256,79.03,78.08,1009,363,1083,387
460,15.333,AA02MH7256,79.03,78.08,1009,363,1083,387
461,15.367,2002MH726,56.73,78.08,1009,363,1083,386
462,15.4,AA02MH7256,79.03,77.88,1009,363,1083,387
463,15.433,AA02MH7256,79.03,77.88,1009,363,1083,387
464,15.467,AA02MH7256,79.03,77.88,1009,363,1083,387
465,15.5,AA02MH7256,79.03,77.88,1009,363,1083,387
466,15.533,AA02MH7256,79.03,77.88,1009,363,1083,387
467,15.567,AA02MH7256,79.03,77.88,1009,363,1083,387
468,15.6,AA02MH7256,79.03,77.93,1009,363,1083,387
469,15.633,AA02MH7256,78.95,77.98,1009,363,1083,387
470,15.667,A002MH7266,58.76,78.12,1009,363,1083,386
470,15.667,KA02MM009,94.06,62.3,751,388,804,406
471,15.7,A002MH7266,58.76,78.12,1009,363,1083,386
471,15.7,KA02MM009,94.06,62.3,751,388,804,406
472,15.733,A002MH7266,58.76,78.12,1009,363,1083,386
472,15.733,KA02MM909,98.02,62.3,751,388,805,406
473,15.767,A002MH7266,58.76,78.12,1009,363,1083,386
473,15.767,KA02MM909,98.02,62.3,751,388,805,406
474,15.8,A002MH7266,58.76,78.12,1009,363,1083,386
474,15.8,KA02MM909,98.02,62.3,751,388,805,406
475,15.833,A002MH7266,58.76,78.12,1009,363,1083,386
475,15.833,KA02MM909,98.02,62.3,751,388,805,406
476,15.867,A002MH7266,58.76,78.12,1009,363,1083,386
476,15.867,KA02MM909,98.02,62.3,751,388,805,406
477,15.9,A002MH7266,58.76,78.17,1009,363,1083,386
477,15.9,KA02MM009,94.06,62.35,751,388,804,406
478,15.933,A002MH7266,58.76,78.37,1009,363,1083,386
478,15.933,MA22MM90,81.07,53.08,743,390,799,407
479,15.967,A002MH7266,58.76,78.32,1009,363,1083,386
479,15.967,MA22MM90,81.07,53.03,743,390,799,407
480,16.0,1A02MH7256,86.58,79.35,1008,362,1083,387
480,16.0,KA02MM90,96.86,51.66,745,390,796,407
481,16.033,1A02MH7256,86.58,79.35,1008,362,1083,387
481,16.033,KA02MM90,94.64,51.66,745,390,796,406
482,16.067,1A02MH7256,86.58,79.35,1008,362,1083,387
482,16.067,KA02MM90,94.64,51.66,745,390,796,406
483,16.1,1A02MH7256,86.58,79.35,1008,362,1083,387
483,16.1,KA02MM90,94.64,51.71,745,390,796,406
484,16.133,AA02MH7256,87.78,78.81,1008,363,1082,386
485,16.167,AA02MH7256,87.78,78.86,1008,363,1082,386
486,16.2,AA02MH7256,87.78,78.86,1008,363,1082,386
487,16.233,AA02MH7256,87.78,78.81,1008,363,1082,386
488,16.267,AA02MH7256,87.78,78.86,1008,363,1082,386
489,16.3,AA02MH7256,87.79,78.76,1008,363,1082,386
490,16.333,AA02MH7256,87.78,78.96,1008,363,1082,386
490,16.333,KA02MM9091,91.96,68.55,736,392,798,411
491,16.367,AA02MH7256,87.78,79.0,1008,363,1082,386
491,16.367,KA02MM9091,91.96,68.7,736,392,798,411
492,16.4,4A02MH7256,86.67,79.0,1008,362,1082,387
492,16.4,KA02MM9091,91.96,68.65,736,392,798,411
493,16.433,AA02MH7256,87.78,78.96,1008,363,1082,386
493,16.433,KA02MM9091,91.96,68.65,736,392,798,411
494,16.467,AA02MH7256,87.78,78.96,1008,363,1082,386
494,16.467,KA02MM9091,91.96,68.6,736,392,798,411
495,16.5,AA02MH7256,87.78,78.96,1008,363,1082,386
495,16.5,KA02MM9091,91.96,68.65,736,392,798,411
496,16.533,AA02MH7256,87.78,78.96,1008,363,1082,386
496,16.533,KA02MM9091,91.96,68.65,736,392,798,411
497,16.567,AA02MH7256,87.78,78.96,1008,363,1082,386
497,16.567,KA02MM9091,91.96,68.65,736,392,798,411
498,16.6,AA02MH7256,87.78,78.96,1008,363,1082,386
498,16.6,KA02MM9091,91.96,68.65,736,392,798,411
499,16.633,4A02MH7256,86.67,79.0,1008,362,1082,387
499,16.633,KA02MM9091,91.96,68.75,736,392,798,411
500,16.667,4A02MH7256,86.67,78.96,1008,362,1082,387
500,16.667,KA02MM909,97.96,58.01,732,396,789,415
501,16.7,4A02MH7256,86.67,78.96,1008,362,1082,387
501,16.7,KA02MM909,97.96,58.06,732,396,789,415
502,16.733,4A02MH7256,86.67,78.96,1008,362,1082,387
502,16.733,KA02MM909,97.96,58.06,732,396,789,415
503,16.767,4A02MH7256,86.67,78.96,1008,362,1082,387
503,16.767,KA02MM999,94.83,58.01,731,396,789,415
504,16.8,AA02MH7256,87.78,78.96,1008,363,1082,386
504,16.8,KA02MM909,97.96,58.06,732,396,789,415
505,16.833,4A02MH7256,86.67,78.96,1008,362,1082,387
505,16.833,KA02MM909,97.96,58.11,732,396,789,415
506,16.867,4A02MH7256,86.67,79.0,1008,362,1082,387
506,16.867,KA02MM909,97.96,58.06,732,396,789,415
507,16.9,4A02MH7256,86.67,78.96,1008,362,1082,387
507,16.9,KA02MM909,97.96,58.01,732,396,789,415
508,16.933,2A02MH7256,72.13,79.05,1009,362,1083,387
508,16.933,KA02MM909,97.96,58.15,732,396,789,415
509,16.967,AA02MH7256,82.71,78.86,1009,363,1082,386
510,17.0,AA02MH7256,82.99,78.91,1009,363,1082,386
511,17.033,AA02MH7256,83.0,78.91,1009,363,1082,386
512,17.067,AA02MH7256,83.0,78.91,1009,363,1082,386
513,17.1,AA02MH7256,83.0,78.91,1009,363,1082,386
514,17.133,AA02MH7256,83.0,78.91,1009,363,1082,386
514,17.133,KA02MM9099,94.37,40.06,722,398,787,418
515,17.167,AA02MH7256,83.0,78.91,1009,363,1082,386
515,17.167,KA02MM9099,94.37,40.06,722,398,787,418
516,17.2,AA02MH7256,83.0,78.91,1009,363,1082,386
517,17.233,AA02MH7256,83.37,78.91,1009,363,1082,386
518,17.267,AA02MH7256,81.28,79.05,1008,363,1083,387
518,17.267,AA02MM909,88.59,53.03,720,396,778,415
519,17.3,AA02MH7256,81.28,79.05,1008,363,1083,387
519,17.3,AA02MM909,88.59,53.12,720,396,778,415
520,17.333,AA02MH7256,81.28,79.05,1008,363,1083,387
520,17.333,AA02MM909,88.59,53.08,720,396,778,415
521,17.367,AA02MH7256,86.34,79.05,1008,363,1083,386
521,17.367,AA02MM909,88.59,53.03,720,396,778,415
522,17.4,AA02MH7256,81.28,79.05,1008,363,1083,387
522,17.4,AA02MM909,88.59,53.03,720,396,778,415
523,17.433,AA02MH7256,81.28,79.05,1008,363,1083,387
523,17.433,AA02MM909,88.59,53.03,720,396,778,415
524,17.467,AA02MH7256,81.28,79.05,1008,363,1083,387
524,17.467,AA02MM909,88.59,53.03,720,396,778,415
525,17.5,AA02MH7256,86.34,79.05,1008,363,1083,386
525,17.5,AA02MM909,88.59,53.08,720,396,778,415
526,17.533,AA02MH7256,86.96,78.91,1008,363,1083,386
526,17.533,AA02MM909,88.59,53.27,720,396,778,415
527,17.567,AA02MH7256,79.69,78.76,1009,363,1083,387
527,17.567,KA02MM9091,98.45,64.75,709,410,778,429
528,17.6,AA02MH7256,79.69,78.76,1009,363,1083,387
528,17.6,KA02MM9091,98.45,64.75,709,410,778,429
529,17.633,AA02MH7256,79.69,78.76,1009,363,1083,387
529,17.633,KA02MM9091,98.45,64.65,709,410,778,429
530,17.667,AA02MH7256,79.69,78.76,1009,363,1083,387
530,17.667,KA02MM9091,98.45,64.6,709,410,778,429
531,17.7,AA02MH7256,75.78,78.81,1009,363,1083,387
531,17.7,KA02MM9091,98.45,64.6,709,410,778,429
532,17.733,AA02MH7256,81.01,78.86,1009,363,1082,387
532,17.733,KA02MM9091,98.45,64.6,709,410,778,429
533,17.767,AA02MH7256,80.83,78.71,1009,363,1082,387
533,17.767,KA02MM9097,92.38,75.78,695,416,766,435
534,17.8,AA02MH7256,84.1,78.66,1009,363,1082,386
534,17.8,KA02MM9097,89.8,73.63,682,422,756,441
535,17.833,AA02MH7256,84.1,78.66,1009,363,1082,386
535,17.833,KA02MM9097,89.8,73.63,682,422,756,441
536,17.867,AA02MH7256,84.1,78.66,1009,363,1082,386
536,17.867,KA02MM9091,91.51,73.68,682,421,756,440
537,17.9,AA02MH7256,84.1,78.66,1009,363,1082,386
537,17.9,KA02MM9091,91.51,73.68,682,421,756,440
538,17.933,AA02MH7256,84.1,78.66,1009,363,1082,386
538,17.933,KA02MM9091,91.51,73.68,682,421,756,440
539,17.967,AA02MH7256,84.1,78.66,1009,363,1082,386
539,17.967,KA02MM9091,91.51,73.68,682,421,756,440
540,18.0,AA02MH7256,84.1,78.71,1009,363,1082,386
540,18.0,KA02MM9097,89.8,73.63,682,422,756,441
541,18.033,4002MH75_6,50.77,78.61,1009,364,1082,386
541,18.033,KA02MM9097,89.8,73.24,682,422,756,441
542,18.067,4002MH75_6,50.77,78.61,1009,364,1082,386
542,18.067,KA02MM9097,89.8,73.24,682,422,756,441
543,18.1,4002MH75_6,50.77,78.61,1009,364,1082,386
543,18.1,KA02MM9097,89.8,73.24,682,422,756,441
544,18.133,AA02MH7256,84.1,78.76,1009,363,1082,386
544,18.133,KA02MM909,91.09,67.72,681,423,751,443
545,18.167,AA02MH7256,84.1,78.76,1009,363,1082,386
545,18.167,KA02MM909,91.09,67.68,681,423,751,443
546,18.2,AA02MH7256,84.1,78.76,1009,363,1082,386
546,18.2,KA02MM909,91.09,67.68,681,423,751,443
547,18.233,AA02MH7256,84.1,78.76,1009,363,1082,386
547,18.233,KA02MM909,91.09,67.68,681,423,751,443
548,18.267,AA02MH7256,84.1,78.76,1009,363,1082,386
548,18.267,KA02MM909,91.09,67.68,681,423,751,443
549,18.3,AA02MH7256,84.1,78.76,1009,363,1082,386
549,18.3,KA02MM909,91.09,67.72,681,423,751,443
550,18.333,AA02MH7256,84.1,78.81,1009,363,1082,386
550,18.333,KA02MM909,91.09,67.77,681,423,751,443
551,18.367,4002MH75_6,50.77,78.56,1009,364,1082,386
552,18.4,4002MH75_6,50.77,78.56,1009,364,1082,386
553,18.433,4002MH75_6,50.77,78.56,1009,364,1082,386
554,18.467,4002MH75_6,50.77,78.52,1009,364,1082,386
555,18.5,4002MH75_6,50.77,78.52,1009,364,1082,386
556,18.533,4002MH75_6,50.77,78.52,1009,364,1082,386
557,18.567,4002MH75_6,50.77,78.52,1009,364,1082,386
558,18.6,4002MH75_6,50.77,78.52,1009,364,1082,386
559,18.633,4002MH75_6,50.77,78.42,1009,364,1082,386
559,18.633,KA02MM9099,98.84,62.89,652,432,733,455
560,18.667,4002MH75_6,50.77,78.42,1009,364,1082,386
560,18.667,KA02MM9099,98.84,62.94,652,432,733,455
561,18.7,4002MH75_6,50.77,78.42,1009,364,1082,386
561,18.7,KA02MM9099,98.84,62.94,652,432,733,455
562,18.733,4002MH75_6,50.77,78.42,1009,364,1082,386
562,18.733,KA02MM9099,98.84,62.94,652,432,733,455
563,18.767,4002MH75_6,50.77,78.47,1009,364,1082,386
563,18.767,KA02MM9099,98.84,62.94,652,432,733,455
564,18.8,4002MH75_6,50.77,78.42,1009,364,1082,386
564,18.8,KA02MM9099,98.84,62.94,652,432,733,455
565,18.833,4002MH75_6,50.77,78.42,1009,364,1082,386
565,18.833,KA02MM9099,98.84,62.94,652,432,733,455
566,18.867,4002MH75_6,50.77,78.42,1009,364,1082,386
566,18.867,KA02MM9099,98.84,62.89,652,432,733,455
567,18.9,4002MH75_6,50.97,78.42,1009,364,1082,386
567,18.9,KA02MM9099,98.84,62.65,652,432,733,455
568,18.933,4002MH75_6,51.28,78.52,1009,364,1082,386
568,18.933,KA02MN9097,94.04,73.29,636,435,723,457
569,18.967,4002MH75_6,51.28,78.52,1009,364,1082,386
569,18.967,KA02MN9097,94.04,73.24,636,435,723,457
570,19.0,4002MH75_6,51.28,78.52,1009,364,1082,386
570,19.0,KA02MN9097,94.04,73.29,636,435,723,457
571,19.033,4002MH75_6,51.28,78.56,1009,364,1082,386
571,19.033,KA02MN9097,94.04,73.24,636,435,723,457
572,19.067,4002MH75_6,51.28,78.52,1009,364,1082,386
572,19.067,KA02MN9097,94.04,73.29,636,435,723,457
573,19.1,4002MH75_6,51.28,78.52,1009,364,1082,386
573,19.1,KA02MN9097,94.04,73.29,636,435,723,457
574,19.133,4002MH75_6,51.28,78.52,1009,364,1082,386
574,19.133,KA02MN9097,94.04,73.24,636,435,723,457
575,19.167,4002MH75_6,51.28,78.42,1009,364,1082,386
575,19.167,KA02MN9097,94.04,73.29,636,435,723,457
576,19.2,4002MH75_6,51.28,78.47,1009,364,1082,386
576,19.2,KA02MM9091,98.76,77.49,616,444,706,467
577,19.233,4002MH75_6,51.28,78.47,1009,364,1082,386
577,19.233,KA02MM9091,98.76,77.54,616,444,706,467
578,19.267,4002MH75_6,51.28,78.47,1009,364,1082,386
578,19.267,KA02MM9091,98.76,77.54,616,444,706,467
579,19.3,4002MH75_6,51.28,78.42,1009,364,1082,386
579,19.3,KA02MM9091,96.22,77.59,616,445,706,468
580,19.333,0002MH75_6,51.45,78.47,1009,364,1082,386
580,19.333,KA02MM9091,98.9,77.54,616,445,706,467
581,19.367,0002MH75_6,51.45,78.52,1009,364,1082,386
581,19.367,KA02MM9091,98.9,77.49,616,445,706,467
582,19.4,0002MH75_6,51.45,78.37,1009,364,1082,386
582,19.4,KA02MM9091,99.0,41.8,596,455,691,481
583,19.433,0002MH75_6,51.45,78.42,1009,364,1082,386
583,19.433,KA02MM9091,99.0,41.72,596,455,691,481
584,19.467,0002MH75_6,51.45,78.42,1009,364,1082,386
584,19.467,KA02MM9091,99.0,41.72,596,455,691,481
585,19.5,0002MH75_6,51.45,78.42,1009,364,1082,386
585,19.5,KA02MM9091,99.0,41.72,596,455,691,481
586,19.533,0002MH75_6,51.45,78.42,1009,364,1082,386
586,19.533,KA02MM9091,99.0,41.72,596,455,691,481
587,19.567,0002MH75_6,51.45,78.42,1009,364,1082,386
587,19.567,KA02MM9091,99.0,41.72,596,455,691,481
588,19.6,0002MH75_6,51.45,78.42,1009,364,1082,386
588,19.6,KA02MM9091,99.0,41.6,596,455,691,481
589,19.633,KA02MM9091,97.58,81.45,574,469,677,495
589,19.633,0002MH75_6,51.45,78.76,1009,364,1082,386
590,19.667,0002MH75_6,51.45,78.96,1009,364,1082,386
590,19.667,KA02MM9091,99.85,75.15,560,482,671,509
591,19.7,0002MH75_6,51.45,78.91,1009,364,1082,386
591,19.7,KA02MM9091,99.85,75.15,560,482,671,509
592,19.733,0002MH75_6,51.45,78.96,1009,364,1082,386
592,19.733,KA02MM9091,99.85,75.15,560,482,671,509
593,19.767,4002MH75_6,51.93,78.91,1009,364,1082,386
593,19.767,KA02MM9091,99.85,74.9,560,482,671,509
594,19.8,AA02MH7256,83.37,78.86,1009,363,1082,386
594,19.8,KA02MM9091,99.85,74.95,560,482,671,509
595,19.833,AA02MH7256,83.35,78.86,1009,363,1082,386
595,19.833,KA02MM9091,99.85,74.85,560,482,671,509
596,19.867,KA02MM9091,99.8,82.42,556,482,672,514
596,19.867,4002MH75_6,51.96,78.76,1009,364,1082,386
597,19.9,KA02MM9091,99.8,82.42,556,482,672,514
597,19.9,AA02MH7256,83.37,78.81,1009,363,1082,386
598,19.933,KA02MM9091,99.73,82.37,556,482,672,513
598,19.933,AA02MH7256,83.37,78.76,1009,363,1082,386
599,19.967,KA02MM9091,99.73,82.37,556,482,672,513
599,19.967,AA02MH7256,83.37,78.76,1009,363,1082,386
600,20.0,KA02MM9091,99.73,82.37,556,482,672,513
600,20.0,AA02MH7256,83.37,78.76,1009,363,1082,386
601,20.033,KA02MM9091,99.73,82.37,556,482,672,513
601,20.033,AA02MH7256,83.37,78.76,1009,363,1082,386
602,20.067,KA02MM9091,99.73,82.37,556,482,672,513
602,20.067,AA02MH7256,83.37,78.76,1009,363,1082,386
603,20.1,KA02MM9091,99.82,82.32,556,483,672,513
603,20.1,4002MH75_6,51.96,78.76,1009,364,1082,386
604,20.133,KA02MM9091,99.05,84.23,548,494,668,529
604,20.133,4002MH75_6,51.96,78.81,1009,364,1082,386
605,20.167,KA02MM9091,99.05,84.23,548,494,668,529
605,20.167,4002MH75_6,51.96,78.81,1009,364,1082,386
606,20.2,KA02MM9091,99.05,84.23,548,494,668,529
606,20.2,4002MH75_6,51.96,78.81,1009,364,1082,386
607,20.233,KA02MM9091,99.05,84.23,548,494,668,529
607,20.233,4002MH75_6,51.96,78.76,1009,364,1082,386
608,20.267,KA02MM9091,99.05,84.23,548,494,668,529
608,20.267,4002MH75_6,51.95,78.86,1009,364,1082,386
609,20.3,KA02MM9091,99.05,84.23,548,494,668,529
609,20.3,4002MH75_6,51.95,78.86,1009,364,1082,386
610,20.333,KA02MM9091,99.65,84.08,530,512,664,545
610,20.333,AA02MH7256,83.39,78.91,1009,363,1082,386
611,20.367,KA02MM9091,99.65,84.08,530,512,664,545
611,20.367,AA02MH7256,83.39,78.91,1009,363,1082,386
612,20.4,KA02MM9091,99.65,84.08,530,512,664,545
612,20.4,AA02MH7256,83.39,78.91,1009,363,1082,386
613,20.433,KA02MM9091,99.65,84.08,530,512,664,545
613,20.433,AA02MH7256,83.39,78.91,1009,363,1082,386
614,20.467,KA02MM9091,99.65,84.08,530,512,664,545
614,20.467,AA02MH7256,83.39,78.91,1009,363,1082,386
615,20.5,KA02MM9091,99.65,84.08,530,512,664,545
615,20.5,AA02MH7256,83.39,78.91,1009,363,1082,386
616,20.533,KA02MM9091,99.65,84.03,530,512,664,545
616,20.533,AA02MH7256,83.39,78.91,1009,363,1082,386
617,20.567,KA02MM9091,99.77,85.11,496,535,648,572
617,20.567,A02MH7256,98.72,78.52,1010,364,1082,387
618,20.6,KA02MM9091,99.77,85.11,496,535,648,572
618,20.6,A02MH7256,98.72,78.52,1010,364,1082,387
619,20.633,KA02MM9091,99.77,85.11,496,535,648,572
619,20.633,A02MH7256,98.72,78.52,1010,364,1082,387
620,20.667,KA02MM9091,99.77,85.16,496,535,648,572
620,20.667,A02MH7256,98.72,78.52,1010,364,1082,387
621,20.7,KA02MM9091,99.77,85.16,496,535,648,572
621,20.7,A02MH7256,98.72,78.52,1010,364,1082,387
622,20.733,KA02MM9091,99.77,85.16,496,535,648,572
622,20.733,A02MH7256,98.72,78.52,1010,364,1082,387
623,20.767,KA02MM9091,99.8,84.62,465,554,630,597
623,20.767,AA02MH7256,83.57,79.05,1008,363,1082,387
624,20.8,KA02MM9091,99.8,84.62,465,554,630,597
624,20.8,AA02MH7256,83.57,79.0,1008,363,1082,387
625,20.833,KA02MM9091,99.8,84.67,465,554,630,597
625,20.833,AA02MH7256,83.57,79.05,1008,363,1082,387
626,20.867,KA02MM9091,99.8,84.67,465,554,630,597
626,20.867,AA02MH7256,83.57,79.05,1008,363,1082,387
627,20.9,KA02MM9091,99.8,84.67,465,554,630,597
627,20.9,AA02MH7256,83.57,79.05,1008,363,1082,387
628,20.933,KA02MM9091,99.8,84.67,465,554,630,597
628,20.933,AA02MH7256,83.57,79.05,1008,363,1082,387
629,20.967,KA02MM9091,99.31,84.67,413,582,596,629
629,20.967,AA02MH7256,80.24,79.2,1009,363,1082,387
630,21.0,KA02MM9091,99.4,84.67,413,582,597,629
630,21.0,AA02MH7256,80.24,79.25,1009,363,1082,387
631,21.033,KA02MM9091,99.31,84.67,413,582,596,629
631,21.033,AA02MH7256,80.24,79.2,1009,363,1082,387
632,21.067,KA02MM9091,99.31,84.67,413,582,596,629
632,21.067,AA02MH7256,80.24,79.2,1009,363,1082,387
633,21.1,KA02MM9091,99.4,84.67,413,582,597,629
633,21.1,AA02MH7256,80.24,79.2,1009,363,1082,387
634,21.133,KA02MM9091,99.4,84.67,413,582,597,629
634,21.133,AA02MH7256,80.24,79.2,1009,363,1082,387
635,21.167,KA02MM9091,99.4,84.67,413,582,597,629
635,21.167,AA02MH7256,80.24,79.25,1009,363,1082,387
636,21.2,KA02MM9091,99.85,88.53,332,614,538,670
636,21.2,AA02MH7256,82.01,79.64,1008,363,1083,387
637,21.233,KA02MM9091,99.85,88.57,332,614,538,670
637,21.233,AA02MH7256,82.01,79.64,1008,363,1083,387
638,21.267,KA02MM9091,99.85,88.57,332,614,538,670
638,21.267,AA02MH7256,82.01,79.69,1008,363,1083,387
639,21.3,KA02MM9091,99.85,88.53,332,614,538,670
639,21.3,AA02MH7256,82.01,79.69,1008,363,1083,387
640,21.333,KA02MM9091,99.84,88.13,332,614,538,670
640,21.333,1A02MH7256,82.6,79.69,1008,363,1083,387
641,21.367,KA02MM9091,99.84,88.13,332,614,538,670
641,21.367,1A02MH7256,82.6,79.69,1008,363,1083,387
642,21.4,KA02MM9091,99.84,88.13,332,614,538,670
642,21.4,1A02MH7256,82.6,79.69,1008,363,1083,387
643,21.433,KA02MM9091,99.76,88.09,254,640,482,705
643,21.433,AA02MH7256,85.84,79.49,1008,363,1083,386
644,21.467,AA02MH7256,82.44,79.39,1008,363,1083,387
645,21.5,AA02MH7256,82.44,79.35,1008,363,1083,387
646,21.533,AA02MH7256,82.44,79.35,1008,363,1083,387
647,21.567,AA02MH7256,82.44,79.35,1008,363,1083,387
648,21.6,AA02MH7256,82.44,79.3,1008,363,1083,387
649,21.633,1A02MH7256,88.45,79.0,1008,363,1082,386
650,21.667,1A02MH7256,88.45,79.0,1008,363,1082,386
651,21.7,1A02MH7256,88.45,79.0,1008,363,1082,386
652,21.733,AA02MH7256,74.66,78.66,1009,363,1082,386
653,21.767,AA02MH7256,74.66,78.76,1009,363,1082,386
654,21.8,AA02MH7256,74.66,79.0,1009,363,1082,386
655,21.833,1A02MH7256,88.45,78.96,1008,363,1082,386
656,21.867,AA02MH7256,74.66,79.2,1009,363,1082,386
657,21.9,AA02MH7256,74.66,79.2,1009,363,1082,386
658,21.933,AA02MH7256,74.66,79.2,1009,363,1082,386
659,21.967,AA02MH7256,74.66,79.1,1009,363,1082,386
660,22.0,AA02MH7256,74.68,79.0,1009,363,1082,386
661,22.033,4002MH7256,58.49,78.96,1009,364,1082,386
662,22.067,4002MH7256,58.49,78.96,1009,364,1082,386
663,22.1,4002MH7256,58.49,78.96,1009,364,1082,386
664,22.133,4022MH726,52.85,79.1,1009,363,1083,386
665,22.167,AA02MH7256,74.66,79.0,1009,363,1082,386
666,22.2,AA02MH7256,74.66,79.0,1009,363,1082,386
667,22.233,AA02MH7256,74.66,79.0,1009,363,1082,386
668,22.267,AA02MH7256,74.66,78.91,1009,363,1082,386
669,22.3,AA02MH7256,74.66,78.91,1009,363,1082,386
670,22.333,4022MH726,52.85,79.64,1009,363,1083,386
671,22.367,4022MH726,52.85,79.59,1009,363,1083,386
672,22.4,4022MH726,52.85,79.59,1009,363,1083,386
673,22.433,AA02MH7256,86.95,79.69,1008,362,1083,387
674,22.467,AA02MH7256,86.95,79.69,1008,362,1083,387
675,22.5,0A02MH7256,69.54,79.64,1008,364,1083,387
676,22.533,0A02MH7256,69.54,79.59,1008,364,1083,387
677,22.567,0A02MH7256,69.54,79.64,1008,364,1083,387
678,22.6,0A02MH7256,69.54,79.49,1008,364,1083,387
679,22.633,0A02MH7256,69.54,79.49,1008,364,1083,387
680,22.667,0A02MH7256,79.75,79.2,1008,364,1082,387
681,22.7,0A02MH7256,79.75,79.25,1008,364,1082,387
682,22.733,0A02MH7256,72.77,79.0,1008,364,1082,386
683,22.767,0A02MH7256,79.75,79.05,1008,364,1082,387
684,22.8,0A02MH7256,72.77,79.05,1008,364,1082,386
685,22.833,0A02MH7256,69.54,79.05,1008,364,1083,387
686,22.867,0A02MH7256,69.54,79.0,1008,364,1083,387
687,22.9,0A02MH7256,69.54,78.91,1008,364,1083,387
688,22.933,0A02MH7256,69.54,78.91,1008,364,1083,387
689,22.967,0A02MH7256,69.54,78.91,1008,364,1083,387
690,23.0,0A02MH7256,75.19,78.71,1008,365,1082,387
691,23.033,0A02MH72_6,66.49,78.71,1008,365,1082,386
692,23.067,0A02MH7256,79.75,78.81,1008,364,1082,387
693,23.1,0A02MH7256,79.75,78.81,1008,364,1082,387
694,23.133,0A02MH7256,81.67,78.71,1007,364,1082,387
695,23.167,0A02MH7256,81.67,78.66,1007,364,1082,387
696,23.2,0A02MH7256,83.78,78.17,1007,364,1083,386
697,23.233,0A02MH7256,83.87,78.37,1007,364,1083,387
698,23.267,0A02MH7256,83.87,78.22,1007,364,1083,387
699,23.3,0A02MH7256,83.87,78.27,1007,364,1083,387
700,23.333,0A02MH7256,83.87,78.27,1007,364,1083,387
701,23.367,0A02MH7256,83.87,78.22,1007,364,1083,387
702,23.4,0A02MH7256,83.78,78.17,1007,364,1083,386
703,23.433,0A02MH7256,83.98,78.37,1007,364,1083,386
704,23.467,0A02MH7256,83.98,78.52,1007,364,1083,386
705,23.5,0A02MH7256,83.85,78.96,1007,364,1083,387
706,23.533,0A02MH7256,83.73,78.96,1007,364,1083,387
707,23.567,0A02MH7256,83.85,79.05,1007,364,1083,387
708,23.6,0A02MH7256,83.85,79.25,1007,364,1083,387
709,23.633,0A02MH7256,83.85,79.25,1007,364,1083,387
710,23.667,AA02MH7256,87.83,79.25,1006,363,1083,387
711,23.7,AA02MH7256,87.82,79.3,1006,363,1083,387
712,23.733,AA02MH7256,87.82,79.3,1006,363,1083,387
713,23.767,AA02MH7256,88.76,79.35,1006,363,1083,386
714,23.8,AA02MH7256,88.76,79.35,1006,363,1083,386
715,23.833,AA02MH7256,88.76,79.35,1006,363,1083,386
716,23.867,AA02MH7256,88.76,79.05,1006,363,1083,386
717,23.9,AA02MH7256,88.76,79.05,1006,363,1083,386
718,23.933,AA02MH7256,88.76,79.05,1006,363,1083,386
719,23.967,0A02MH7256,84.01,78.96,1007,364,1083,386
720,24.0,AA02MH7256,88.76,78.96,1006,363,1083,386
721,24.033,0A02MH7256,84.01,78.91,1007,364,1083,386
722,24.067,0A02MH7256,84.01,78.86,1007,364,1083,386
723,24.1,0A02MH7256,84.01,78.91,1007,364,1083,386
724,24.133,0A02MH7256,84.03,78.91,1007,364,1083,386
725,24.167,AA02MH7256,88.75,78.96,1006,363,1083,386
726,24.2,AA02MH7256,88.75,78.96,1006,363,1083,386
727,24.233,AA02MH7256,88.75,79.1,1006,363,1083,386
728,24.267,AA02MH7256,88.71,79.2,1006,363,1083,386
729,24.3,AA02MH7256,88.71,79.2,1006,363,1083,386
730,24.333,AA02MH7256,88.71,79.2,1006,363,1083,386
731,24.367,AA02MH7256,88.71,79.2,1006,363,1083,386
732,24.4,AA02MH7256,85.65,79.1,1008,363,1083,386
733,24.433,AA02MH7256,84.55,79.3,1008,363,1083,386
734,24.467,AA02MH7256,84.55,79.3,1008,363,1083,386
735,24.5,AA02MH7256,84.55,79.25,1008,363,1083,386
736,24.533,AA02MH7256,84.55,79.3,1008,363,1083,386
737,24.567,AA02MH7256,84.82,79.2,1008,363,1083,386
738,24.6,AA02MH7256,85.15,79.15,1008,363,1083,386
739,24.633,AA02MH7256,85.14,79.2,1008,363,1083,386
740,24.667,AA02MH7256,85.14,79.2,1008,363,1083,386
741,24.7,AA02MH7256,85.14,79.2,1008,363,1083,386
742,24.733,AA02MH7256,85.14,79.25,1008,363,1083,386
743,24.767,AA02MH7256,85.14,79.25,1008,363,1083,386
744,24.8,4A02MH7256,90.19,79.3,1007,363,1083,386
745,24.833,AA02MH7256,90.21,79.25,1006,362,1083,386
746,24.867,4A02MH7256,90.2,79.05,1007,363,1083,386
747,24.9,4A02MH7256,90.18,79.0,1007,363,1083,386
748,24.933,4A02MH7256,90.18,79.05,1007,363,1083,386
749,24.967,AA02MH7256,89.16,79.25,1006,363,1083,386
750,25.0,AA02MH7256,89.16,79.25,1006,363,1083,386
751,25.033,AA02MH7256,89.16,79.25,1006,363,1083,386
752,25.067,4A02MH7256,90.18,79.25,1007,363,1083,386
753,25.1,4A02MH7256,90.18,79.2,1007,363,1083,386
754,25.133,4A02MH7256,90.18,79.49,1007,363,1083,386
755,25.167,4A02MH7256,90.26,79.35,1007,363,1083,386
756,25.2,4A02MH7256,90.26,79.2,1007,363,1083,386
757,25.233,4A02MH7256,90.26,79.2,1007,363,1083,386
758,25.267,4A02MH7256,90.26,79.15,1007,363,1083,386
759,25.3,4A02MH7256,90.26,79.3,1007,363,1083,386
760,25.333,4A02MH7256,90.26,79.3,1007,363,1083,386
761,25.367,4A02MH7256,90.26,79.39,1007,363,1083,386
762,25.4,AA02MH7256,90.23,79.25,1006,362,1083,386
763,25.433,AA02MH7256,90.23,79.3,1006,362,1083,386
764,25.467,4A02MH7256,90.26,79.25,1007,363,1083,386
765,25.5,4A02MH7256,90.26,79.3,1007,363,1083,386
766,25.533,4A02MH7256,90.26,79.35,1007,363,1083,386
767,25.567,4A02MH7256,90.26,79.39,1007,363,1083,386
768,25.6,AA02MH7256,84.95,79.35,1008,363,1083,386
769,25.633,AA02MH7256,84.95,79.39,1008,363,1083,386
770,25.667,AA02MH7256,85.14,79.25,1008,363,1083,386
771,25.7,AA02MH7256,85.14,79.35,1008,363,1083,386
772,25.733,AA02MH7256,85.14,79.35,1008,363,1083,386
773,25.767,AA02MH7256,85.14,79.35,1008,363,1083,386
774,25.8,AA02MH7256,85.14,79.35,1008,363,1083,386
775,25.833,AA02MH7256,85.14,79.3,1008,363,1083,386
776,25.867,4A02MH7256,90.18,79.35,1007,363,1083,386
777,25.9,4A02MH7256,90.18,79.39,1007,363,1083,386
778,25.933,AA02MH7256,85.14,79.44,1008,363,1083,386
779,25.967,4A02MH7256,90.18,79.44,1007,363,1083,386
